id,name,age,level,status,calculate,time_generate,Acceptation,AVG,convert_level
13,Dinh Van N,40,9,active,33.5,2026-03-16T11:00:00Z,1.4731,6.8341,HIGH
3,Le Van C,22,4,active,17,2026-03-16T10:30:00Z,1.4731,6.8341,LOW
6,Vu Thi F,35,7,active,28,2026-03-16T10:00:00Z,1.473,6.8341,HIGH
1,Nguyen Van A,25,5,active,20,2026-03-16T11:00:00Z,1.4731,6.8341,LOW
15,Nguyen Van Test,30,15,active,37.5,2026-03-16T10:00:00Z,1.473,6.8341,HIGH
12,Truong Thi M,21,4,active,16.5,2026-03-16T10:00:00Z,1.4731,6.8341,LOW
11,Ly Van L,33,5,active,24,2026-03-16T10:00:00Z,1.473,6.8341,LOW
2,Tran Thi B,30,8,active,27,2026-03-16T10:00:00Z,1.4731,6.8341,HIGH
